SKU,Custom Branding Available,Product Name,Category,Status,Description,Material,MOQ,Price Range,Colors Available,Sizes Available,Tags,Main Image,Image 2,Image 3,Image 4,Image 5
PCP-LV-9078,Yes,Women's Buckled Leather Vest in Black,Vest,,"The vest is made of genuine cowhide nappa leather. The leather is 1.2 mm thick.
Thick yet soft cowhide leather.
The base color of the leather is black.
The vest was braided around the edges with black cords.
3 chrome-plated buckles (carabiners) as closures
Three adjustable straps (buckles) per side
Each strap has 5 holes for adjustment.
This way the vest also fits over the jacket.
Five outer pockets (3 with zippers, 2 chest pockets with snap fasteners)
Two inside pockets, one of which has a zipper.
The lining is made of cotton.
Please refer to the size chart.
Since this is a fitted women's vest (SLIM)",,50,$55–75,,"S, M, L, XL, 2XL, 3XL, 4XL",,https://raw.githubusercontent.com/primecraftpartners/PrimeCraft-Partners-Catalogue/main/Images/PCP-LV-9078-1.jpg,https://raw.githubusercontent.com/primecraftpartners/PrimeCraft-Partners-Catalogue/main/Images/PCP-LV-9078-2.jpg,https://raw.githubusercontent.com/primecraftpartners/PrimeCraft-Partners-Catalogue/main/Images/PCP-LV-9078-3.jpg,,
PCP-LV-9215,Yes,Women's Lamb Nappa Leather Vest,Vest,,"Genuine lamb nappa leather
Black base color
Soft leather
Leather thickness of 1.1 to 1.2 mm
2 outer pockets
2 inside pockets
Leather drawstring at the waist for adjustment
Braided leather band as a border
3 buckle carabiners as closure
Athletic fit (slim fit)",,50,$55–75,,"S, M, L, XL, 2XL, 3XL, 4XL",,https://raw.githubusercontent.com/primecraftpartners/PrimeCraft-Partners-Catalogue/main/Images/PCP-LV-9215-1.jpg,https://raw.githubusercontent.com/primecraftpartners/PrimeCraft-Partners-Catalogue/main/Images/PCP-LV-9215-2.jpg,https://raw.githubusercontent.com/primecraftpartners/PrimeCraft-Partners-Catalogue/main/Images/PCP-LV-9215-3.jpg,,
PCP-LP-811,Yes,"Vintage men's leather trousers, laced at the side",Pant,,"Genuine cowhide leather
Leather thickness of 1.1 to 1.2 mm
In a used look
Vintage look
Brown base color with a vintage look
soft and thick nappa leather
Laced at the sides
5 Pocket Jeans
5 pockets, 2 in the front, 2 in the back, 1 small pocket in the front which is located inside the larger pocket in the front.
The trousers can be closed at the top with a button and a zipper.
These leather trousers have a standard length of at least L34, meaning you can simply cut them to your desired length and attach the hem with strong glue (or of course, you can sew them).
Polyester lining that reaches down to the knee.
American inch size


Converting the inch size of your pants to centimeters is easy. Multiply the width (W) by 2.5, and you'll have the waist circumference.



Example:

W34 × 2.5 = 85 cm waist circumference.",,50,$65–85,,"29, 30, 31, 32, 33, 34, 36, 38, 40, 42, 44, 46",,https://raw.githubusercontent.com/primecraftpartners/PrimeCraft-Partners-Catalogue/main/Images/PCP-LP-811-1.jpg,https://raw.githubusercontent.com/primecraftpartners/PrimeCraft-Partners-Catalogue/main/Images/PCP-LP-811-2.jpg,https://raw.githubusercontent.com/primecraftpartners/PrimeCraft-Partners-Catalogue/main/Images/PCP-LP-811-3.jpg,,
PCP-LV-9200,Yes,Men's Leather Vest Hunter Club Jacket Black/Red,Vest,,"Genuine cowhide leather
Leather thickness from 1.1 to 1.2 mm
The base color of the leather is black.
The upper part was quilted with a checkered pattern.
A polyester filling has been sewn under the quilted pattern to make the pattern more visible.
The lower part is made of perforated cowhide leather.
All decorative seams are in red.
2 outer pockets with concealed snap closure
2 inside pockets (one with zipper)
The inner pockets are sewn slightly lower.
So that the patches fit on the front.
Expandable at the sides via zippers
Extendable by 5 cm on each side
The back end is rounded off by 5 cm.
So that the vest doesn't stick out while driving",,50,$55–75,,"S, M, L, XL, 2XL, 3XL, 4XL",,https://raw.githubusercontent.com/primecraftpartners/PrimeCraft-Partners-Catalogue/main/Images/PCP-LV-9200-1.jpg,https://raw.githubusercontent.com/primecraftpartners/PrimeCraft-Partners-Catalogue/main/Images/PCP-LV-9200-2.jpg,https://raw.githubusercontent.com/primecraftpartners/PrimeCraft-Partners-Catalogue/main/Images/PCP-LV-9200-3.jpg,https://raw.githubusercontent.com/primecraftpartners/PrimeCraft-Partners-Catalogue/main/Images/PCP-LV-9200-4.jpg,https://raw.githubusercontent.com/primecraftpartners/PrimeCraft-Partners-Catalogue/main/Images/PCP-LV-9200-5.jpg
PCP-LV-9201,Yes,Men's black camo vest with perforated leather,Vest,,"Genuine cowhide leather
Leather thickness from 1.1 to 1.2 mm
The base color of the leather is black.
The upper part is dyed in a camo pattern.
The lower part is made of perforated cowhide leather.
2 outer pockets with hidden snap closure
2 inside pockets (one with zipper)
The inner pockets are sewn slightly lower.
So that the patches fit on the front.
Expandable at the sides via zippers
Extendable by 5 cm on each side
The back end is rounded off by 5 cm.
So that the vest doesn't stick out while driving",,50,$55–75,,"S, M, L, XL, 2XL, 3XL, 4XL",,https://raw.githubusercontent.com/primecraftpartners/PrimeCraft-Partners-Catalogue/main/Images/PCP-LV-9201-1.jpg,https://raw.githubusercontent.com/primecraftpartners/PrimeCraft-Partners-Catalogue/main/Images/PCP-LV-9201-2.jpg,https://raw.githubusercontent.com/primecraftpartners/PrimeCraft-Partners-Catalogue/main/Images/PCP-LV-9201-3.jpg,https://raw.githubusercontent.com/primecraftpartners/PrimeCraft-Partners-Catalogue/main/Images/PCP-LV-9201-4.jpg,https://raw.githubusercontent.com/primecraftpartners/PrimeCraft-Partners-Catalogue/main/Images/PCP-LV-9201-5.jpg
PCP-LG-PROTECTOR-YELLOW,Yes,Protectors set 2.0,Protector,,"The European standard (EN) 1621-1 regulates the minimum size for the areas to be protected at the joints and sets requirements for the protector's ability to absorb impacts and thus protect the wearer from injury.
2x shoulder protectors
2x elbow protectors
1x back protector
CE-approved protectors
Ideal for motorcycle jackets",,50,$15–20,,,,https://raw.githubusercontent.com/primecraftpartners/PrimeCraft-Partners-Catalogue/main/Images/PCP-LG-PRY-1.jpg,https://raw.githubusercontent.com/primecraftpartners/PrimeCraft-Partners-Catalogue/main/Images/PCP-LG-PRY-2.jpg,,,
PCP-LJ-1046,Yes,Men's Motorcycle Leather Jacket,Jacket,,"Genuine cowhide nappa leather
The base color of the leather is black.
The surface was treated with a vintage look.
Leather thickness from 1.1 to 1.2 mm
Thick yet soft leather
Rocker Billy Kragen
Quilted shoulders and sleeves
Adjustable sides via leather straps with buckles
The waist is also adjustable with a belt.
The belt is removable.
3 zippered outer pockets
1 outer pocket with snap fastener
2 inside pockets, one with a zipper
A pocket with a snap fastener is located on the left shoulder.
There is a zippered pocket on the right shoulder.
Removable inner lining
Zipper as a type of closure
A piece of leather was incorporated under the main zipper (to make the jacket windproof).
The main zipper can be closed all the way to the top.
Zippers on both cuffs
All zippers are from the company YKK.
With protectors on shoulders, elbows and back
All protectors are removable.",,50,$90–110,,"S, M, L, XL, 2XL, 3XL, 4XL, 5XL",,https://raw.githubusercontent.com/primecraftpartners/PrimeCraft-Partners-Catalogue/main/Images/PCP-LJ-1046-1.jpg,https://raw.githubusercontent.com/primecraftpartners/PrimeCraft-Partners-Catalogue/main/Images/PCP-LJ-1046-2.jpg,https://raw.githubusercontent.com/primecraftpartners/PrimeCraft-Partners-Catalogue/main/Images/PCP-LJ-1046-3.jpg,,
PCP-LG-H05,Yes,Motorcycle leather glove in black,Gloves,,"These genuine leather motorcycle gloves are the ideal choice for discerning bikers who value protection and functionality. The outer layer is made of durable, abrasion-resistant cowhide leather, ensuring longevity and protection in all weather conditions. The gloves are equipped with shock-absorbing protectors on the knuckles and finger joints, providing additional protection in the event of an impact.


Details & Features:

Material: 100% genuine leather – particularly durable and long-lasting
Ankle protection: Hard shell protector with ventilation slots for optimal protection and air circulation
Finger protection: Reinforced finger zones with additional impact protection
Palm: Anti-slip inserts for optimal grip – even when wet.
Touchscreen compatible: Index finger with touch function for operating smartphones and navigation devices
Closure: Wide Velcro closure at the wrist for a perfect fit and quick adjustment
Comfort: Elastic inserts and an ergonomic cut ensure comfortable wear and freedom of movement.

Area of ​​application:

Ideal for sporty tours, city driving, and longer trips. The gloves offer a secure riding experience with maximum comfort.",,50,$18–25,,"S, M, L, XL, 2XL, 3XL",,https://raw.githubusercontent.com/primecraftpartners/PrimeCraft-Partners-Catalogue/main/Images/PCP-LG-H05-1.jpg,https://raw.githubusercontent.com/primecraftpartners/PrimeCraft-Partners-Catalogue/main/Images/PCP-LG-H05-2.jpg,https://raw.githubusercontent.com/primecraftpartners/PrimeCraft-Partners-Catalogue/main/Images/PCP-LG-H05-3.jpg,https://raw.githubusercontent.com/primecraftpartners/PrimeCraft-Partners-Catalogue/main/Images/PCP-LG-H05-4.jpg,https://raw.githubusercontent.com/primecraftpartners/PrimeCraft-Partners-Catalogue/main/Images/PCP-LG-H05-5.jpg
PCP-LP-812,Yes,Men's Biker Leather Jeans Leather Trousers Side Laced,Pant,,"Genuine cowhide leather
Leather thickness of 1.1 to 1.2 mm
Black base color
Thick yet soft nappa leather
Laced at the sides
5 Pocket Jeans
5 pockets, 2 in the front, 2 in the back, 1 small pocket in the front which is located inside the larger pocket in the front.
The trousers can be closed at the top with a button and a zipper.
These leather trousers have a standard length of at least L34, meaning you can simply cut them to your desired length and attach the hem with strong glue (or of course, you can sew them).
Polyester lining that reaches down to the knee.
Seamless knees
American inch size

Converting the inch size of your pants to centimeters is easy. Multiply the width (W) by 2.5, and you'll have the waist circumference.

Example:
W34 × 2.5 = 85 cm waist circumference.",,50,$65–86,,"29, 30, 31, 32, 33, 34, 36, 38, 40, 42, 44, 47",,https://raw.githubusercontent.com/primecraftpartners/PrimeCraft-Partners-Catalogue/main/Images/PCP-LP-812-1.jpg,https://raw.githubusercontent.com/primecraftpartners/PrimeCraft-Partners-Catalogue/main/Images/PCP-LP-812-2.jpg,https://raw.githubusercontent.com/primecraftpartners/PrimeCraft-Partners-Catalogue/main/Images/PCP-LP-812-3.jpg,,
PCP-LV-900,Yes,Motorcycle Biker Leather Vest with Carabiner,Vest,,"Vest made of genuine, robust cowhide leather, with a leather thickness of approximately 1.1 to 1.2 mm.
The vest is black and has been finished with black leather cord.
Also ideal for club logos and/or patches.
Very simple and easy to care for, it can be maintained with everyday care products such as leather milk, leather cream, leather grease, leather oil, leather balm, leather spray, etc. The leather remains supple and permanently soft.
The inner lining is made of polyester.
The vest can be expanded by up to 5cm on both sides, so you can also wear the vest over a jacket.
They have 3 chrome-plated buckles as a closure.
Two outer pockets, two deep inner pockets, one of which has a zipper.",,50,$55–75,,"S, M, L, XL, 2XL, 3XL, 4XL",,https://raw.githubusercontent.com/primecraftpartners/PrimeCraft-Partners-Catalogue/main/Images/PCP-LV-900-1.jpg,https://raw.githubusercontent.com/primecraftpartners/PrimeCraft-Partners-Catalogue/main/Images/PCP-LV-900-2.jpg,https://raw.githubusercontent.com/primecraftpartners/PrimeCraft-Partners-Catalogue/main/Images/PCP-LV-900-3.jpg,https://raw.githubusercontent.com/primecraftpartners/PrimeCraft-Partners-Catalogue/main/Images/PCP-LV-900-4.jpg,
PCP-LV-9056,Yes,Fitted women's leather vest with zipper,Vest,,"Vest made of genuine, robust and soft lambskin leather
The vest is black
Also ideal for club logos and/or patches.
Very simple and easy to care for, it can be maintained with everyday care products such as leather milk, leather cream, leather grease, leather oil, leather balm, leather spray, etc. The leather remains supple and permanently soft.
The vest can be expanded by up to 5cm on both sides, so you can also wear the vest over a jacket.
They have a zipper as a closure.
Two outer pockets, two deep inner pockets, one of which has a zipper.
Tailored women's cut (so that the vest doesn't stick out)
The inner lining is made of polyester.",,50,$55–75,,"S, M, L, XL, 2XL, 3XL, 4XL",,https://raw.githubusercontent.com/primecraftpartners/PrimeCraft-Partners-Catalogue/main/Images/PCP-LV-9056-1.jpg,https://raw.githubusercontent.com/primecraftpartners/PrimeCraft-Partners-Catalogue/main/Images/PCP-LV-9056-2.jpg,https://raw.githubusercontent.com/primecraftpartners/PrimeCraft-Partners-Catalogue/main/Images/PCP-LV-9056-3.jpg,,
PCP-LJ-9144,Yes,Lightweight women's leather vest with snap fasteners,Vest,,"Vest made of genuine, robust and soft lambskin leather
The vest is black
Also ideal for club logos and/or patches.
Very easy to care for; use leather care cream, leather grease, leather oil, leather balm, leather spray, etc.
The leather remains supple and permanently soft.
The vest can be expanded by up to 5cm on both sides, so you can wear the vest over a jacket.
They have 4 buttons as a closure.
Two outer pockets, two deep inner pockets, one with a zipper
Tailored women's cut (so that the vest doesn't stick out)
The lining is made of polyester.",,50,$55–75,,"S, M, L, XL, 2XL, 3XL, 4XL",,https://raw.githubusercontent.com/primecraftpartners/PrimeCraft-Partners-Catalogue/main/Images/PCP-LJ-9144-1.jpg,https://raw.githubusercontent.com/primecraftpartners/PrimeCraft-Partners-Catalogue/main/Images/PCP-LJ-9144-2.jpg,https://raw.githubusercontent.com/primecraftpartners/PrimeCraft-Partners-Catalogue/main/Images/PCP-LJ-9144-3.jpg,https://raw.githubusercontent.com/primecraftpartners/PrimeCraft-Partners-Catalogue/main/Images/PCP-LJ-9144-4.jpg,
PCP-LJ-1018,Yes,Men's leather jacket in brown,Jacket,,"Trendy biker-style casual jacket
small collar and biker-style quilted elements
Figure-hugging, slim fit style with a straight cut
Please refer to the size chart included in the images.
There are buckles on the sides to adjust the jacket.
Jacket made of high-quality and soft lambskin leather
The leather has a thickness of 1.1 to 1.2 mm.
The leather was treated to give it a used look, for a unique appearance.
Two deep inside pockets, one of which has a zipper.
Four outer pockets, all four are equipped with zippers.
quilted shoulders and sleeves
The cuffs also have zippers.",,50,$90–110,,"S, M, L, XL, 2XL, 3XL, 4XL, 5XL",,https://raw.githubusercontent.com/primecraftpartners/PrimeCraft-Partners-Catalogue/main/Images/PCP-LJ-1018-1.jpg,https://raw.githubusercontent.com/primecraftpartners/PrimeCraft-Partners-Catalogue/main/Images/PCP-LJ-1018-2.jpg,https://raw.githubusercontent.com/primecraftpartners/PrimeCraft-Partners-Catalogue/main/Images/PCP-LJ-1018-3.jpg,https://raw.githubusercontent.com/primecraftpartners/PrimeCraft-Partners-Catalogue/main/Images/PCP-LJ-1018-4.jpg,
PCP-LG-H11,Yes,Men's Motorcycle Tactical Leather Glove with Hard Shell Knuckle Protection & Performance Pads,Gloves,,"The product is a particularly robust motorcycle glove for bikers who want to combine maximum safety and a tactical look in one product.
Made from high-quality, abrasion-resistant cowhide leather, it offers reliable all-around protection – ideal for sporty riders, touring, city riding, and demanding use.

The H11's most striking feature is its robust hard-shell knuckle protector with a protective glass effect, which reliably absorbs impact energy.
Combined with reinforced padding on the palm, fingers, and thumb, as well as grip pads, the H11 ensures excellent control, even at high speeds or during rapid maneuvers.

Thanks to its ergonomic design, semi-flexible finger inserts and soft inner padding, the glove offers a high level of comfort – without compromising on safety.

Details & Features:
Material: Genuine cowhide leather – extremely robust, durable, abrasion-resistant
Ankle protection: Large hard shell with high-strength protective glass look
Finger protectors: Additional protector pads for increased safety
Palm reinforcement: Anti-slip inserts & shock-absorbing padding
Design: Powerful tactical black with high-strength elements
Closure: Sturdy hook-and-loop fastener for a secure fit on the wrist.
Comfort: Ergonomically designed, soft lining, flexible finger zones
Fit: Snug fit for precise handling and optimal control
Weather resistance: Smooth leather, moisture-resistant, easy to clean
Area of ​​application:
Perfectly suited for sport riders , touring riders , commuters , cruisers , naked bikers , and riders who prioritize maximum safety.
The product combines a tactical design with superior stability – ideal for anyone seeking protection, grip, and a powerful look in a premium glove.",,50,$18–25,,"S, M, L, XL, 2XL, 3XL",,https://raw.githubusercontent.com/primecraftpartners/PrimeCraft-Partners-Catalogue/main/Images/PCP-LG-H11-1.jpg,https://raw.githubusercontent.com/primecraftpartners/PrimeCraft-Partners-Catalogue/main/Images/PCP-LG-H11-2.jpg,https://raw.githubusercontent.com/primecraftpartners/PrimeCraft-Partners-Catalogue/main/Images/PCP-LG-H11-3.jpg,https://raw.githubusercontent.com/primecraftpartners/PrimeCraft-Partners-Catalogue/main/Images/PCP-LG-H11-4.jpg,https://raw.githubusercontent.com/primecraftpartners/PrimeCraft-Partners-Catalogue/main/Images/PCP-LG-H11-5.jpg
PCP-LG-H13,Yes,Men's Motorcycle Leather Gloves with Comfort Padding,Gloves,,"These high-quality motorcycle gloves impress with a powerful, clean all-black design, combined with maximum protection and outstanding comfort.
Made from strong, abrasion-resistant cowhide leather, the gloves offer a durable and reliable layer of protection. Integrated knuckle protectors and reinforced padding on the palm, fingers, and thumb ensure increased safety during every riding maneuver.

The soft inner structure, ergonomic fit, and elastic wrist cuff offer a comfortable feel – even on longer rides. At the same time, the smooth, durable surface allows for precise and direct control of the throttle, brake, and clutch.

Details & Features:
Material: 100% genuine cowhide leather – extremely robust, durable and abrasion-resistant
Ankle protection: Integrated hard-shell protectors for optimal impact protection
Design: Elegant, all-black look with discreet safety seams
Palm reinforcement: Padded protective surfaces increase grip and safety.
Thumb padding: Additional safety zones for critical contact points
Closure: Secure, adjustable Velcro closure at the wrist.
Comfort: Ergonomically shaped, soft inner material, flexible movement zones
Fit: Snug fit for precise handling and excellent control
Weather-resistant: Smooth leather absorbs hardly any moisture and is easy to clean.",,50,$18–25,,"S, M, L, XL, 2XL, 3XL",,https://raw.githubusercontent.com/primecraftpartners/PrimeCraft-Partners-Catalogue/main/Images/PCP-LG-H13-1.jpg,https://raw.githubusercontent.com/primecraftpartners/PrimeCraft-Partners-Catalogue/main/Images/PCP-LG-H13-2.jpg,https://raw.githubusercontent.com/primecraftpartners/PrimeCraft-Partners-Catalogue/main/Images/PCP-LG-H13-3.jpg,https://raw.githubusercontent.com/primecraftpartners/PrimeCraft-Partners-Catalogue/main/Images/PCP-LG-H13-4.jpg,https://raw.githubusercontent.com/primecraftpartners/PrimeCraft-Partners-Catalogue/main/Images/PCP-LG-H13-5.jpg
PCP-LG-H21,Yes,Men's Motorcycle Leather Gloves with Knuckle Protection Black/Blue,Gloves,,"The product combines sporty design with high protection and first-class comfort.
The robust construction from genuine cowhide leather ensures excellent abrasion resistance, while the striking black and blue look gives the glove a dynamic racing character.

The integrated hard-shell knuckle protector offers maximum impact protection, and the reinforced padding on the palm, thumb, and outer hand provides additional protection. The grippy inner surfaces allow for optimal control of the accelerator, brake, and clutch.

With their ergonomic fit, flexible stretch zones, and soft inner padding, the H21 gloves offer a particularly comfortable yet precise riding experience. The touchscreen-compatible index finger ensures that smartphones and navigation devices can be operated with ease.

Details & Features:
Material: 100% genuine cowhide leather – robust, durable, abrasion-resistant
Ankle protection: Integrated hard shell protector in glossy black
Design: Striking black and blue look for sporty drivers
Finger protectors: Padded zones for increased protection
Palm: Non-slip grip surfaces for maximum control
Padding: Reinforced protective areas on palm, outer edge & thumb
Touch function: Index finger with touchscreen compatibility
Flex zones: Accordion stretch areas for improved mobility
Closure: Strong, adjustable Velcro closure at the wrist
Fit: Ergonomic, flexible and close-fitting
Area of ​​application:
Ideal for sport riders, touring riders, naked bikes, streetfighters, and city riding.
The H21 offers reliable protection, excellent control, and a striking design – perfect for those who combine performance with style.",,50,$18–25,,"S, M, L, XL, 2XL, 3XL",,https://raw.githubusercontent.com/primecraftpartners/PrimeCraft-Partners-Catalogue/main/Images/PCP-LG-H21-1.jpg,https://raw.githubusercontent.com/primecraftpartners/PrimeCraft-Partners-Catalogue/main/Images/PCP-LG-H21-2.jpg,https://raw.githubusercontent.com/primecraftpartners/PrimeCraft-Partners-Catalogue/main/Images/PCP-LG-H21-3.jpg,https://raw.githubusercontent.com/primecraftpartners/PrimeCraft-Partners-Catalogue/main/Images/PCP-LG-H21-4.jpg,https://raw.githubusercontent.com/primecraftpartners/PrimeCraft-Partners-Catalogue/main/Images/PCP-LG-H21-5.jpg
PCP-LG-H10,Yes,"Men's Motorcycle Leather Gloves with Protector, Grip Zones & Comfort Stretch",Gloves,,"The product is a high-quality motorcycle glove made of genuine cowhide leather, designed for bikers seeking the perfect balance of safety, comfort, and grip.
Its deep black design is elegant and understated, while the integrated knuckle protectors and reinforced padding on the palm, fingers, and thumb offer optimal protection.

The flexible stretch zone above the wrist ensures excellent mobility and a comfortable, snug fit. Thanks to the soft inner padding and ergonomic finger design, the H10 offers exceptional comfort even on long tours.

The non-slip inserts on the palm of the hand guarantee maximum control over the accelerator, brake and clutch – especially important for sporty or dynamic driving styles.

Details & Features:
Material: 100% genuine cowhide leather – robust, durable, abrasion-resistant
Ankle protection: Integrated protectors provide increased impact protection.
Palm padding: Reinforced grip zones with anti-slip insert
Design: Classic, elegant all-black look with functional seams
Finger and thumb pads: Additional safety at critical contact points
Comfort stretch: Elastic areas at the wrist for a perfect fit
Closure: Strong, adjustable Velcro fastener
Inside: Pleasantly soft, ergonomic shape for optimal mobility
Fit: Snug fit for precise control
Durability: Smooth leather is easy to clean and weather-resistant.
Area of ​​application:
Ideal for touring riders , commuters , chopper and cruiser riders , and city riders .
The H10 offers a balanced combination of safety, comfort, and elegant understatement – ​​perfect for bikers who value quality and a sleek, professional look.",,50,$18–25,,"S, M, L, XL, 2XL, 3XL",,https://raw.githubusercontent.com/primecraftpartners/PrimeCraft-Partners-Catalogue/main/Images/PCP-LG-H10-1.jpg,https://raw.githubusercontent.com/primecraftpartners/PrimeCraft-Partners-Catalogue/main/Images/PCP-LG-H10-2.jpg,https://raw.githubusercontent.com/primecraftpartners/PrimeCraft-Partners-Catalogue/main/Images/PCP-LG-H10-3.jpg,https://raw.githubusercontent.com/primecraftpartners/PrimeCraft-Partners-Catalogue/main/Images/PCP-LG-H10-4.jpg,https://raw.githubusercontent.com/primecraftpartners/PrimeCraft-Partners-Catalogue/main/Images/PCP-LG-H10-5.jpg
PCP-LG-H07,Yes,Men's Motorcycle Gloves with Knuckle Protection Black/Red,Gloves,,"These high-quality motorcycle gloves in a sporty black and red design combine safety, comfort, and a stylish look.
Made from genuine, abrasion-resistant cowhide leather, they offer reliable protection while maintaining excellent dexterity.
Integrated knuckle protectors and reinforced padding on the fingers and palms ensure maximum safety while riding.

Thanks to their soft inner surfaces and ergonomic design, the H07 gloves fit comfortably and allow for a relaxed riding experience, even on longer tours. The elastic accordion inserts on the back of the hand improve flexibility and ensure particularly comfortable handling of the throttle, brake, and clutch.

Details & Features:
Material: 100% genuine cowhide leather – robust, durable and abrasion-resistant
Ankle protection: Integrated hard-shell protector for optimal impact protection
Design: Sporty black and red look with elastic accordion zones
Palm: Reinforced grip zones for better hold and added safety
Finger protectors: Padded areas for increased protection
Closure: Adjustable Velcro closure for a perfect fit on the wrist.
Comfort: Ergonomic shape, soft inner material and flexible inserts
Fit: Pleasantly snug for precise driving feel
Ventilation: Partially perforated areas and breathable material structure
Area of ​​application:
Ideal for sport riders , touring riders , and city traffic .
Thanks to robust leather, protectors, and flexible areas, the glovesoffer a high level of safety combined with excellent comfort – perfect for anyone who values ​​a sporty, high-quality riding experience.",,50,$18–25,,"S, M, L, XL, 2XL, 3XL",,https://raw.githubusercontent.com/primecraftpartners/PrimeCraft-Partners-Catalogue/main/Images/PCP-LG-H07-1.jpg,https://raw.githubusercontent.com/primecraftpartners/PrimeCraft-Partners-Catalogue/main/Images/PCP-LG-H07-2.jpg,https://raw.githubusercontent.com/primecraftpartners/PrimeCraft-Partners-Catalogue/main/Images/PCP-LG-H07-3.jpg,https://raw.githubusercontent.com/primecraftpartners/PrimeCraft-Partners-Catalogue/main/Images/PCP-LG-H07-4.jpg,
PCP-LG-H04,Yes,Men's Motorcycle Gloves with Knuckle Protection Black/Red,Gloves,,"These genuine leather motorcycle gloves are the ideal choice for discerning bikers who value protection and functionality. The outer layer is made of durable, abrasion-resistant cowhide leather, ensuring longevity and protection in all weather conditions. The gloves are equipped with shock-absorbing protectors on the knuckles and finger joints, providing additional protection in the event of an impact.


Details & Features:

Material: 100% genuine leather – particularly durable and long-lasting
Ankle protection: Hard shell protector with ventilation slots for optimal protection
Perforated leather: Breathable and prevents sweating inside the glove.
Palm: Anti-slip inserts for optimal grip – even when wet.
Touchscreen compatible: Index finger with touch function for operating smartphones and navigation devices
Closure: Wide Velcro closure at the wrist for a perfect fit and quick adjustment
Comfort: Elastic inserts and an ergonomic cut ensure comfortable wear and freedom of movement.

Area of ​​application:

Ideal for sporty tours, city driving, and longer trips. The gloves offer a secure riding experience with maximum comfort.",,50,$18–25,,"S, M, L, XL, 2XL, 3XL",,https://raw.githubusercontent.com/primecraftpartners/PrimeCraft-Partners-Catalogue/main/Images/PCP-LG-H04-1.jpg,https://raw.githubusercontent.com/primecraftpartners/PrimeCraft-Partners-Catalogue/main/Images/PCP-LG-H04-2.jpg,https://raw.githubusercontent.com/primecraftpartners/PrimeCraft-Partners-Catalogue/main/Images/PCP-LG-H04-3.jpg,https://raw.githubusercontent.com/primecraftpartners/PrimeCraft-Partners-Catalogue/main/Images/PCP-LG-H04-4.jpg,https://raw.githubusercontent.com/primecraftpartners/PrimeCraft-Partners-Catalogue/main/Images/PCP-LG-H04-5.jpg
PCP-LV-9135,Yes,"Vintage Men's Leather Vest, Double Braided",Vest,,"Genuine cowhide nappa leather
The leather has a thickness of 1.2 mm.
The base color is brown.
The surface was dyed black and finished in a vintage (used look).
Double braided for a unique look
The inner lining is made of polyester.
2 inside pockets (1 snap button / 1 zipper)
Two normal outer pockets
3 buckles as closure (riveted through the leather)
The vest is laced at the sides.
Expandable by up to 6 cm on each side (meaning up to 12 cm more circumference)
No center back seam
Ideal for patches",,50,$55–75,,"S, M, L, XL, 2XL, 3XL, 4XL",,https://raw.githubusercontent.com/primecraftpartners/PrimeCraft-Partners-Catalogue/main/Images/PCP-LV-9135-1.jpg,https://raw.githubusercontent.com/primecraftpartners/PrimeCraft-Partners-Catalogue/main/Images/PCP-LV-9135-2.jpg,https://raw.githubusercontent.com/primecraftpartners/PrimeCraft-Partners-Catalogue/main/Images/PCP-LV-9135-3.jpg,https://raw.githubusercontent.com/primecraftpartners/PrimeCraft-Partners-Catalogue/main/Images/PCP-LV-9135-4.jpg,https://raw.githubusercontent.com/primecraftpartners/PrimeCraft-Partners-Catalogue/main/Images/PCP-LV-9135-5.jpg
PCP-LJ-1080,Yes,Retro motorcycle leather jacket in brown,Jacket,,"The jacket is made of genuine cowhide leather.
The leather has a thickness of 1.1 to 1.2 mm.
The base color of the leather is brown.
The surface was treated to give it a used look.
4 outer pockets
2 inside pockets
All pockets are equipped with a zipper.
The thermal inner lining is made of polyester and is removable.
A connecting zipper was sewn into the jacket.
This way you can use any trousers as a connector.
The counterpart for sewing it in is included in the scope of delivery.
There is a Velcro closure on the sides for adjusting the waist.
There is a zipper underneath the Velcro fastener for expansion.
Each side can be extended by up to 5 cm.
All zippers are from the company YKK.
Please refer to the size chart.
With protectors on shoulders, elbows and back
All protectors are removable.",,50,$90–110,,"S, M, L, XL, 2XL, 3XL, 4XL, 5XL",,https://raw.githubusercontent.com/primecraftpartners/PrimeCraft-Partners-Catalogue/main/Images/PCP-LJ-1080-1.jpg,https://raw.githubusercontent.com/primecraftpartners/PrimeCraft-Partners-Catalogue/main/Images/PCP-LJ-1080-2.jpg,https://raw.githubusercontent.com/primecraftpartners/PrimeCraft-Partners-Catalogue/main/Images/PCP-LJ-1080-3.jpg,https://raw.githubusercontent.com/primecraftpartners/PrimeCraft-Partners-Catalogue/main/Images/PCP-LJ-1080-4.jpg,
PCP-LJ-1063,Yes,Motorcycle leather jacket with quilted shoulders,Jacket,,"The jacket is made of genuine cowhide leather.
The leather has a thickness of 1.1 to 1.2 mm.
The base color of the leather is black.
4 outer pockets
2 inside pockets
All pockets are equipped with a zipper.
The thermal inner lining is made of polyester and is removable.
A connecting zipper was sewn into the jacket.
This way you can use any trousers as a connector.
The counterpart for sewing it in is included in the scope of delivery.
5 protector pockets on the shoulders, elbow and back
With protectors on shoulders, back and elbows
There is a Velcro closure on the sides for adjusting the waist.
There is a zipper underneath the Velcro fastener for expansion.
Each side can be extended by up to 5 cm.
All zippers are from the company YKK.
Please refer to the size chart.",,50,$90–110,,"S, M, L, XL, 2XL, 3XL, 4XL, 5XL",,https://raw.githubusercontent.com/primecraftpartners/PrimeCraft-Partners-Catalogue/main/Images/PCP-LJ-1063-1.jpg,https://raw.githubusercontent.com/primecraftpartners/PrimeCraft-Partners-Catalogue/main/Images/PCP-LJ-1063-2.jpg,https://raw.githubusercontent.com/primecraftpartners/PrimeCraft-Partners-Catalogue/main/Images/PCP-LJ-1063-3.jpg,https://raw.githubusercontent.com/primecraftpartners/PrimeCraft-Partners-Catalogue/main/Images/PCP-LJ-1063-4.jpg,
PCP-LJ-1070,Yes,Motorcycle flight jacket with protectors and real fur,Jacket,,"Men's Aviator/Bomber Leather Jacket
The jacket is made of genuine cowhide nappa leather.
The leather has a thickness of 1.2 mm.
Thick yet soft leather
The base color of the leather is black.
The fur collar is detachable and made of genuine sheepskin.
The color of the sheepskin is beige.
Soft fur and comfortable to wear against the skin.
The jacket also has a removable thermal lining.
The inner lining is attached to the jacket by a zipper.
The inner lining is made of polyester.
Beneath the thermal lining is a breathable mesh.
Exterior: Two slip pockets / Two zippered straight pockets
Inside: One zippered pocket / One snap-button pocket
There is a small zippered pocket on the left sleeve.
The flight jacket is not only suitable for everyday use but also for motorcycling.
There is also a zipper under the lining, allowing you to connect the jacket to trousers.
This way you can also use the jacket as a combo.
A piece of leather was sewn over the main zipper.
So that the jacket remains windproof even while driving
Loops end at the arm and at the waistband
For the unique bomber jacket look",,50,$90–110,,"S, M, L, XL, 2XL, 3XL, 4XL, 5XL",,https://raw.githubusercontent.com/primecraftpartners/PrimeCraft-Partners-Catalogue/main/Images/PCP-LJ-1070-1.jpg,https://raw.githubusercontent.com/primecraftpartners/PrimeCraft-Partners-Catalogue/main/Images/PCP-LJ-1070-2.jpg,https://raw.githubusercontent.com/primecraftpartners/PrimeCraft-Partners-Catalogue/main/Images/PCP-LJ-1070-3.jpg,https://raw.githubusercontent.com/primecraftpartners/PrimeCraft-Partners-Catalogue/main/Images/PCP-LJ-1070-4.jpg,https://raw.githubusercontent.com/primecraftpartners/PrimeCraft-Partners-Catalogue/main/Images/PCP-LJ-1070-5.jpg
PCP-LJ-1021,Yes,Grey Motorcycle Retro Leather Jacket,Jacket,,"Genuine cowhide leather with a leather thickness of 1.2 mm
The inner lining is made of polyester and is removable.
5 protector pockets on the back, shoulders and elbows
Inside the jacket there is a zipper that allows you to attach your trousers.
The counterpart is also included.
This way, they can use any pair of pants as combi pants.
4 outer pockets, all with a zipper closure
2 inside pockets, one of which is equipped with a zipper.
All zippers are from the company YKK.
The jacket is adjustable at the sides thanks to Velcro fasteners.
Furthermore, the jacket has zippers on the sides, allowing it to be expanded by 5 cm on each side.
With protectors on shoulders, elbows and back
All protectors are removable.",,50,$90–110,,"S, M, L, XL, 2XL, 3XL, 4XL, 5XL",,https://raw.githubusercontent.com/primecraftpartners/PrimeCraft-Partners-Catalogue/main/Images/PCP-LJ-1021-1.jpg,https://raw.githubusercontent.com/primecraftpartners/PrimeCraft-Partners-Catalogue/main/Images/PCP-LJ-1021-2.jpg,https://raw.githubusercontent.com/primecraftpartners/PrimeCraft-Partners-Catalogue/main/Images/PCP-LJ-1021-3.jpg,https://raw.githubusercontent.com/primecraftpartners/PrimeCraft-Partners-Catalogue/main/Images/PCP-LJ-1021-4.jpg,
PCP-LV-9106,Yes,Men's Motorcycle Biker Leather Vest made of Cowhide Leather,Vest,,"Men's leather vest made of genuine leather
The base color of the leather is black.
The robe was braided around it with cords.
Extendable by 5 cm on each side
2 outer pockets
2 inside pockets, one of which has a zipper
Ideal for patches and club logos
three carabiner hooks as a closure",,50,$55–75,,"S, M, L, XL, 2XL, 3XL, 4XL",,https://raw.githubusercontent.com/primecraftpartners/PrimeCraft-Partners-Catalogue/main/Images/PCP-LV-9106-1.jpg,https://raw.githubusercontent.com/primecraftpartners/PrimeCraft-Partners-Catalogue/main/Images/PCP-LV-9106-2.jpg,https://raw.githubusercontent.com/primecraftpartners/PrimeCraft-Partners-Catalogue/main/Images/PCP-LV-9106-3.jpg,,
PCP-LV-958,Yes,Men's Leather Vest Outdoor Fishing Vest in Black,Vest,,"Vest made of genuine, high-quality, soft lamb nappa leather, with a leather thickness of approximately 1.0 mm.
The vest is black
The vest can be closed with a zipper.
Featuring many inside and outside pockets, finished with zippers or Velcro closures
Right side: A deep, zippered chest pocket with a smaller sewn-on pocket with a hook-and-loop closure. Below, a large zippered pocket with two further sewn-on pockets, one with a zipper and the other with hook-and-loop closure. A side pocket located behind the lower large pocket.
Left side: A deep patch chest pocket with a Velcro closure and a smaller sewn-on pocket with a Velcro closure. Below, a large zippered pocket with two further sewn-on pockets, one with a zipper and the other with Velcro closures. A side pocket is located behind the lower large pocket.
Two deep inner pockets, both with a zipper closure.
There is a D-ring metal eyelet on both sides at the top and on the back for attaching various hooks or a towel.
There is an adjustment buckle on both sides.
Also ideal for club logos and/or patches.
The inner lining is made of polyester.",,50,$60–75,,"S, M, L, XL, 2XL, 3XL, 4XL",,https://raw.githubusercontent.com/primecraftpartners/PrimeCraft-Partners-Catalogue/main/Images/PCP-LV-958-1.jpg,https://raw.githubusercontent.com/primecraftpartners/PrimeCraft-Partners-Catalogue/main/Images/PCP-LV-958-2.jpg,https://raw.githubusercontent.com/primecraftpartners/PrimeCraft-Partners-Catalogue/main/Images/PCP-LV-958-3.jpg,,
PCP-LV-9167,Yes,Classic men's leather vest in brown made of soft lamb leather,Vest,,"Lightweight men's leather vest with snap fasteners
The vest is made of genuine lamb nappa leather.
The base color of the leather is brown.
The surface was treated with a light used look for a unique appearance.
Leather thickness of 1.0 mm
Very soft leather. Comfortable to wear.
Two outer pockets
Two inside pockets (one has a zipper)
Four snap fasteners as closure",,50,$55–75,,"S, M, L, XL, 2XL, 3XL, 4XL",,https://raw.githubusercontent.com/primecraftpartners/PrimeCraft-Partners-Catalogue/main/Images/PCP-LV-9167-1.jpg,https://raw.githubusercontent.com/primecraftpartners/PrimeCraft-Partners-Catalogue/main/Images/PCP-LV-9167-2.jpg,https://raw.githubusercontent.com/primecraftpartners/PrimeCraft-Partners-Catalogue/main/Images/PCP-LV-9167-3.jpg,https://raw.githubusercontent.com/primecraftpartners/PrimeCraft-Partners-Catalogue/main/Images/PCP-LV-9167-4.jpg,
PCP-LJ-1050,Yes,Vintage Used Look Motorcycle Leather Jacket,Jacket,,"Genuine cowhide nappa leather
The base color of the leather is grey or black.
The surface was treated with a vintage look.
Leather thickness from 1.1 to 1.2 mm
Thick yet soft leather
Rocker Billy Kragen
Quilted shoulders and sleeves
Adjustable sides via leather straps with buckles
The waist is also adjustable with a belt.
The belt is removable.
3 zippered outer pockets
1 outer pocket with snap fastener
2 inside pockets, one with a zipper
A pocket with a snap fastener is located on the left shoulder.
There is a zippered pocket on the right shoulder.
Removable inner lining
Zipper as a type of closure
A piece of leather was incorporated under the main zipper (to make the jacket windproof).
The main zipper can be closed all the way to the top.
Zippers on both cuffs
All zippers are from the company YKK.
All protectors are removable.
Protectors on shoulders, elbows and back",,50,$90–110,,"S, M, L, XL, 2XL, 3XL, 4XL, 5XL",,https://raw.githubusercontent.com/primecraftpartners/PrimeCraft-Partners-Catalogue/main/Images/PCP-LJ-1050-1.jpg,https://raw.githubusercontent.com/primecraftpartners/PrimeCraft-Partners-Catalogue/main/Images/PCP-LJ-1050-2.jpg,https://raw.githubusercontent.com/primecraftpartners/PrimeCraft-Partners-Catalogue/main/Images/PCP-LJ-1050-3.jpg,https://raw.githubusercontent.com/primecraftpartners/PrimeCraft-Partners-Catalogue/main/Images/PCP-LJ-1050-4.jpg,https://raw.githubusercontent.com/primecraftpartners/PrimeCraft-Partners-Catalogue/main/Images/PCP-LJ-1050-5.jpg
PCP-LJ-165,Yes,Men's genuine leather motorcycle jacket,Jacket,,"Genuine cowhide leather
Thickness of 1.1 to 1.2 mm
Black base color
White stripes
4 outer pockets
2 inside pockets
Removable inner lining
With protectors on shoulders, elbows and back
All protectors are removable.",,50,$90–110,,"S, M, L, XL, 2XL, 3XL, 4XL, 5XL",,https://raw.githubusercontent.com/primecraftpartners/PrimeCraft-Partners-Catalogue/main/Images/PCP-LJ-165-1.jpg,https://raw.githubusercontent.com/primecraftpartners/PrimeCraft-Partners-Catalogue/main/Images/PCP-LJ-165-2.jpg,https://raw.githubusercontent.com/primecraftpartners/PrimeCraft-Partners-Catalogue/main/Images/PCP-LJ-165-3.jpg,https://raw.githubusercontent.com/primecraftpartners/PrimeCraft-Partners-Catalogue/main/Images/PCP-LJ-165-4.jpg,https://raw.githubusercontent.com/primecraftpartners/PrimeCraft-Partners-Catalogue/main/Images/PCP-LJ-165-5.jpg
PCP-LJ-1078,Yes,Perforated motorcycle leather jacket with protectors,Jacket,,"The jacket is made of genuine cowhide leather.
The leather is perforated.
The leather has a thickness of 1.1 to 1.2 mm.
The base color of the leather is black.
4 outer pockets
2 inside pockets
All pockets are equipped with a zipper.
The thermal inner lining is made of polyester and is removable.
A connecting zipper was sewn into the jacket.
This way you can use any trousers as a connector.
The counterpart for sewing it in is included in the scope of delivery.
There is a Velcro closure on the sides for adjusting the waist.
There is a zipper underneath the Velcro fastener for expansion.
Each side can be extended by up to 5 cm.
All zippers are from the company YKK.
With protectors on shoulders, elbows and back
All protectors are removable.",,50,$90–110,,"S, M, L, XL, 2XL, 3XL, 4XL, 5XL",,https://raw.githubusercontent.com/primecraftpartners/PrimeCraft-Partners-Catalogue/main/Images/PCP-LJ-1078-1.jpg,https://raw.githubusercontent.com/primecraftpartners/PrimeCraft-Partners-Catalogue/main/Images/PCP-LJ-1078-2.jpg,https://raw.githubusercontent.com/primecraftpartners/PrimeCraft-Partners-Catalogue/main/Images/PCP-LJ-1078-3.jpg,https://raw.githubusercontent.com/primecraftpartners/PrimeCraft-Partners-Catalogue/main/Images/PCP-LJ-1078-4.jpg,https://raw.githubusercontent.com/primecraftpartners/PrimeCraft-Partners-Catalogue/main/Images/PCP-LJ-1078-5.jpg
PCP-LV-9173,Yes,Outdoor Hunting Leather Vest Leisure Lamb Leather Genuine Leather,Vest,,"Vest made of genuine, high-quality, soft lamb nappa leather, with a leather thickness of approximately 1.0 mm.
The vest is brown
The vest can be closed with a zipper.
Featuring many inside and outside pockets, finished with zippers or Velcro closures
Right side: A deep, patch chest pocket with a zipper and a smaller sewn-on pocket with a Velcro closure.
Below is a large zippered pocket with two additional sewn-on pockets, one with a zipper and the other with Velcro closure.
A side pocket located behind the lower large pocket
Left side: A deep patch chest pocket with Velcro closure and a smaller sewn-on pocket with Velcro closure.
Below is a large zippered pocket with two additional sewn-on pockets, one with a zipper and the other with Velcro closure.
A side pocket located behind the lower large pocket
Two deep inner pockets, both with a zipper closure.
There is a D-ring metal eyelet on both sides at the top and on the back for attaching various hooks or a towel.
There is an adjustment buckle on both sides.
Also ideal for club logos and/or patches.
The inner lining is made of polyester.",,50,$60–75,,"S, M, L, XL, 2XL, 3XL, 4XL",,https://raw.githubusercontent.com/primecraftpartners/PrimeCraft-Partners-Catalogue/main/Images/PCP-LV-9173-1.jpg,https://raw.githubusercontent.com/primecraftpartners/PrimeCraft-Partners-Catalogue/main/Images/PCP-LV-9173-2.jpg,https://raw.githubusercontent.com/primecraftpartners/PrimeCraft-Partners-Catalogue/main/Images/PCP-LV-9173-3.jpg,https://raw.githubusercontent.com/primecraftpartners/PrimeCraft-Partners-Catalogue/main/Images/PCP-LV-9173-4.jpg,
PCP-LV-9129,Yes,Men's Motorcycle Biker Buckle Vest,Vest,,"100% genuine cowhide leather
The leather has a thickness of 1.1 to 1.2 mm.
2 inside pockets, one of which can be closed with a zipper.
3 external pockets with zippers
They each have 3 buckles on the sides for adjustment.
2 buckles at the shoulders
3 brass carabiners as closures
Ideal for patches
The lining is made of polyester.
The leather is black and has a used look.",,50,$60–75,,"S, M, L, XL, 2XL, 3XL, 4XL",,https://raw.githubusercontent.com/primecraftpartners/PrimeCraft-Partners-Catalogue/main/Images/PCP-LV-9129-1.jpg,https://raw.githubusercontent.com/primecraftpartners/PrimeCraft-Partners-Catalogue/main/Images/PCP-LV-9129-2.jpg,https://raw.githubusercontent.com/primecraftpartners/PrimeCraft-Partners-Catalogue/main/Images/PCP-LV-9129-3.jpg,https://raw.githubusercontent.com/primecraftpartners/PrimeCraft-Partners-Catalogue/main/Images/PCP-LV-9129-4.jpg,https://raw.githubusercontent.com/primecraftpartners/PrimeCraft-Partners-Catalogue/main/Images/PCP-LV-9129-5.jpg
PCP-LG-PROTECTOR-BLACK,Yes,Protector set,Protector,,"The European standard (EN) 1621-1 regulates the minimum size for the areas to be protected at the joints and sets requirements for the protector's ability to absorb impacts and thus protect the wearer from injury.
2x shoulder protectors
2x elbow protectors
1x back protector
CE-approved protectors
Ideal for motorcycle jackets",,50,$15–20,,,,https://raw.githubusercontent.com/primecraftpartners/PrimeCraft-Partners-Catalogue/main/Images/PCP-LG-PRB-1.jpg,https://raw.githubusercontent.com/primecraftpartners/PrimeCraft-Partners-Catalogue/main/Images/PCP-LG-PRB-2.jpg,https://raw.githubusercontent.com/primecraftpartners/PrimeCraft-Partners-Catalogue/main/Images/PCP-LG-PRB-3.jpg,https://raw.githubusercontent.com/primecraftpartners/PrimeCraft-Partners-Catalogue/main/Images/PCP-LG-PRB-4.jpg,https://raw.githubusercontent.com/primecraftpartners/PrimeCraft-Partners-Catalogue/main/Images/PCP-LG-PRB-5.jpg
PCP-LJ-9079,Yes,Nubuck buffalo leather vest with expandable zipper,Vest,,"3 chrome-plated buckles (carabiners) as closures
Genuine buffalo nubuck leather
The leather has a thickness of 1.1 to 1.2 mm.
The vest can be expanded by 5 cm on each side thanks to a zipper.
2 outer pockets
2 inside pockets, one of which is equipped with a zipper.
The lining is made of cotton.
The vest is ideal for patches.
no annoying means back seam",,50,$90–110,,"S, M, L, XL, 2XL, 3XL, 4XL, 5XL",,https://raw.githubusercontent.com/primecraftpartners/PrimeCraft-Partners-Catalogue/main/Images/PCP-LJ-9079-1.jpg,https://raw.githubusercontent.com/primecraftpartners/PrimeCraft-Partners-Catalogue/main/Images/PCP-LJ-9079-2.jpg,https://raw.githubusercontent.com/primecraftpartners/PrimeCraft-Partners-Catalogue/main/Images/PCP-LJ-9079-3.jpg,https://raw.githubusercontent.com/primecraftpartners/PrimeCraft-Partners-Catalogue/main/Images/PCP-LJ-9079-4.jpg,
PCP-LV-9202,Yes,Black Camouflage Men's Leather Vest,Vest,,"Genuine cowhide leather
Leather thickness from 1.1 to 1.2 mm
The base color of the leather is black.
With a camo coloring
2 outer pockets with hidden snap closure
2 inside pockets (one with zipper)
The inner pockets are sewn slightly lower.
So that the patches fit on the front.
Expandable at the sides via zippers
Extendable by 5 cm on each side
The back end is rounded off by 5 cm.
So that the vest doesn't stick out while driving",,50,$55–75,,"S, M, L, XL, 2XL, 3XL, 4XL",,https://raw.githubusercontent.com/primecraftpartners/PrimeCraft-Partners-Catalogue/main/Images/PCP-LV-9202-1.jpg,https://raw.githubusercontent.com/primecraftpartners/PrimeCraft-Partners-Catalogue/main/Images/PCP-LV-9202-2.jpg,https://raw.githubusercontent.com/primecraftpartners/PrimeCraft-Partners-Catalogue/main/Images/PCP-LV-9202-3.jpg,,
PCP-LJ-1013,Yes,Motorcycle leather jacket with protectors,Jacket,,"The jacket is made of genuine cowhide leather with a leather thickness of approximately 1.1 mm to 1.2 mm.
The leather is thick yet very soft and comfortable to wear.
Both shoulders are quilted.
They have an adjustable closure on both sides to prevent the jacket from flapping while riding.
They have 2 inside pockets, one of which is equipped with a zipper.
They also have 4 outer pockets, all 4 of which can be closed with a zipper.
The base color of the leather is black.
They have an adjustable buckle at the collar.
A piece of leather is incorporated under the zipper to make the jacket windproof.
Tailored men's cut (slim fit)
With protectors on shoulders, elbows and back
All protectors are removable.",,50,$90–110,,"S, M, L, XL, 2XL, 3XL, 4XL, 5XL",,https://raw.githubusercontent.com/primecraftpartners/PrimeCraft-Partners-Catalogue/main/Images/PCP-LJ-1013-1.jpg,https://raw.githubusercontent.com/primecraftpartners/PrimeCraft-Partners-Catalogue/main/Images/PCP-LJ-1013-2.jpg,https://raw.githubusercontent.com/primecraftpartners/PrimeCraft-Partners-Catalogue/main/Images/PCP-LJ-1013-3.jpg,https://raw.githubusercontent.com/primecraftpartners/PrimeCraft-Partners-Catalogue/main/Images/PCP-LJ-1013-4.jpg,
PCP-LJ-1002,Yes,Men's Biker Lamb Leather Jacket,Jacket,,"The jacket is made of genuine, high-quality, soft lamb nappa leather, with a leather thickness of approximately 1.0 mm.
The leather jacket is black.
The jacket can be closed with a zipper.
Two outer pockets, both of which can be closed with zippers.
Two deep inner pockets, one of which can be closed with a zipper.
The inner lining is made of polyester.
There are buckles on the sides to adjust the jacket.
Quilted shoulders and sleeves
body-hugging cut (slim fit)",,50,$90–110,,"S, M, L, XL, 2XL, 3XL, 4XL, 5XL",,https://raw.githubusercontent.com/primecraftpartners/PrimeCraft-Partners-Catalogue/main/Images/PCP-LJ-1002-1.jpg,https://raw.githubusercontent.com/primecraftpartners/PrimeCraft-Partners-Catalogue/main/Images/PCP-LJ-1002-2.jpg,https://raw.githubusercontent.com/primecraftpartners/PrimeCraft-Partners-Catalogue/main/Images/PCP-LJ-1002-3.jpg,,
PCP-LJ-1045,Yes,Rocker motorcycle leather jacket in black,Jacket,,"Genuine cowhide nappa leather
The base color of the leather is black.
Leather thickness from 1.1 to 1.2 mm
Rocker Billy Kragen
Shoulder flaps with snap fasteners
Adjustable sides via a leather cord
The waist is also adjustable with a belt.
3 zippered outer pockets
1 outer pocket with snap fastener
2 inside pockets, one with a zipper
Zipper as a type of closure
A piece of leather was incorporated under the main zipper (to make the jacket windproof).
The main zipper can be closed all the way to the top.
Zippers on both cuffs
All zippers are from the company YKK.
With protectors on shoulders, elbows and back
All protectors are removable.",,50,$90–110,,"S, M, L, XL, 2XL, 3XL, 4XL, 5XL",,https://raw.githubusercontent.com/primecraftpartners/PrimeCraft-Partners-Catalogue/main/Images/PCP-LJ-1045-1.jpg,https://raw.githubusercontent.com/primecraftpartners/PrimeCraft-Partners-Catalogue/main/Images/PCP-LJ-1045-2.jpg,https://raw.githubusercontent.com/primecraftpartners/PrimeCraft-Partners-Catalogue/main/Images/PCP-LJ-1045-3.jpg,,
PCP-LV-9105,Yes,Men's Biker Buckle Leather Vest,Vest,,"Genuine cowhide leather
The leather has a thickness of 1.2 mm.
The base color of the leather is black.
Laced on both sides (expandable up to 5 cm on each side)
The vest was braided around the edges with leather cords.
Adjustable via 3 buckles on the sides
3 chrome carabiners as closures
2 zippered outer pockets
2 inside pockets
No center back seam",,50,$55–75,,"S, M, L, XL, 2XL, 3XL, 4XL",,https://raw.githubusercontent.com/primecraftpartners/PrimeCraft-Partners-Catalogue/main/Images/PCP-LV-9105-1.jpg,https://raw.githubusercontent.com/primecraftpartners/PrimeCraft-Partners-Catalogue/main/Images/PCP-LV-9105-2.jpg,https://raw.githubusercontent.com/primecraftpartners/PrimeCraft-Partners-Catalogue/main/Images/PCP-LV-9105-3.jpg,https://raw.githubusercontent.com/primecraftpartners/PrimeCraft-Partners-Catalogue/main/Images/PCP-LV-9105-4.jpg,https://raw.githubusercontent.com/primecraftpartners/PrimeCraft-Partners-Catalogue/main/Images/PCP-LV-9105-5.jpg
PCP-LJ-1009,Yes,Ladies motorbike leather jacket in retro style ,Jacket,,"Thick yet soft cowhide leather
Care instructions: You can care for the leather with leather balm
Model number: MDM1009
Inner lining is made of polyester
3 outer pockets with zip
Protectors are included in the scope of delivery
The jacket can be tightened at the sides
Slim fit ladies cut
Please pay attention to the size chart
All zips are original YKK zips
Very nice fit
Quilted shoulders and arms
With protectors on shoulders, elbows and back
All protectors are removable",,50,$90–110,,"S, M, L, XL, 2XL, 3XL, 4XL",,https://raw.githubusercontent.com/primecraftpartners/PrimeCraft-Partners-Catalogue/main/Images/PCP-LJ-1009-1.jpg,,,,
PCP-LJ-1010,Yes,Ladies motorbike leather jacket in retro style black / white,Jacket,,"Soft lamb nappa leather
Care instructions: You can care for the leather with leather balm
Model number: MDM1010
Inner lining is made of polyester
3 outer pockets with zip
Protectors are included
The jacket can be tightened at the sides
Slim fit ladies cut
Please pay attention to the size chart
All zips are original YKK zips
Very nice fit
Quilted shoulders and arms
With protectors on shoulders, elbows and back
All protectors are removable",,50,$90–110,,"S, M, L, XL, 2XL, 3XL, 4XL",,https://raw.githubusercontent.com/primecraftpartners/PrimeCraft-Partners-Catalogue/main/Images/PCP-LJ-1010-1.jpg,,,,
PCP-LJ-1044,Yes,Ladies motorbike cowhide leather jacket,Jacket,,"Genuine cowhide nappa leather
Leather thickness from 1.1 to 1.2 mm
Thick yet soft leather
The basic colour of the leather is black
Zip fastening
4 outside pockets
2 inside pockets
All fasteners are from the company YKK
Adjustable zip on the cuffs
Velcro fasteners at the waist
Quilted shoulders
and quilted sleeves
Slim fit
Tailored ladies' cut
Please order at least one size larger
There are zips at the back to let the wind out and prevent the jacket from flapping.
With protectors on shoulders, elbows and back
All protectors are removable",,50,$90–110,,"S, M, L, XL, 2XL, 3XL, 4XL",,https://raw.githubusercontent.com/primecraftpartners/PrimeCraft-Partners-Catalogue/main/Images/PCP-LJ-1044-1.jpg,,,,
PCP-LJ-145,Yes,Women's Motorcycle Chopper Leather Jacket ,Jacket,,"Genuine cowhide leather
Leather thickness from 1.1 mm to 1.2 mm
Four front pockets with zippers
Two inside pockets
Slim fit
Off-center front zipper
Jacket can be fully zipped or unbuttoned with four buttons at the front to create a large V-neck
Reverse collar
Half-belt front with buckle closure
Two side pockets with zippers
One horizontal chest pocket with zipper
Two deep inside pockets, one with zipper
Buttoned epaulettes
Zippered cuffs",,50,$90–110,,"S, M, L, XL, 2XL, 3XL, 4XL",,https://raw.githubusercontent.com/primecraftpartners/PrimeCraft-Partners-Catalogue/main/Images/PCP-LJ-145-1.jpg,,,,
PCP-LJ-144,Yes,Women's Retro Biker Leather Jacket,Jacket,,"Genuine Lambskin Nappa Leather
Leather thickness of 1.1 mm
Soft leather
Four front pockets with zippers
Two inside pockets
Tailored fit, slim fit",,50,$90–110,,"S, M, L, XL, 2XL, 3XL, 4XL",,https://raw.githubusercontent.com/primecraftpartners/PrimeCraft-Partners-Catalogue/main/Images/PCP-LJ-144-1.jpg,,,,
PCP-LJ-149,Yes,Women's Motorcycle Chopper Leather Jacket ,Jacket,,"Genuine Lambskin Nappa Leather
Leather thickness of 1.1 mm
Four front pockets with zippers
Two inside pockets
Tailored slim fit
Off-center front zipper
Jacket can be fully zipped or unbuttoned with four buttons at the front to create a large V-neck
Reverse collar
Half-belt front with buckle closure
Two side pockets with zippers
One horizontal chest pocket with zipper
Two deep inside pockets, one with zipper
Buttoned epaulettes
Zippered cuffs",,50,$90–110,,"S, M, L, XL, 2XL, 3XL, 4XL",,https://raw.githubusercontent.com/primecraftpartners/PrimeCraft-Partners-Catalogue/main/Images/PCP-LJ-149-1.jpg,,,,
PCP-LJ-143,Yes,Women's Fringe Leather Jacket,Jacket,,"Fringe Leather Jacket
Eye-catching women's leather jacket
Jacket made of genuine, robust cowhide
Very good quality and workmanship
Comfortable to wear
Base color: Black
Material: 100% COWHIDE
Leather strength: 1.1 mm to 1.2 mm
Off-center front zipper
Jacket can be fully zipped or four buttons can be opened at the front to create a large V-neck
Half belt with buckle closure at the front
Two front pockets with zippers
Two deep inside pockets, one with zippers
Buttoned epaulettes
Zipper closure at the cuffs
Fringe trim on the sleeves, front, and back
Two conchos at the back
Lining: Polyester",,50,$90–110,,"S, M, L, XL, 2XL, 3XL, 4XL",,https://raw.githubusercontent.com/primecraftpartners/PrimeCraft-Partners-Catalogue/main/Images/PCP-LJ-143-1.jpg,,,,
PCP-LV-9017,Yes,Tailored women's leather vest made of soft lambskin leather,Vest,,"Vest made of genuine, soft lambskin nappa leather
The vest is black
Also ideal for club logos and/or patches
Very simple and easy to care for
The vest can be extended up to 5 cm on both sides, so you can also wear it over a jacket
It has three chrome-plated buckles for closure
Two outside pockets, two deep inside pockets, one of which has a zipper
Tailored women's cut (so the vest doesn't stick out)
The inner lining is made of polyester",,50,$55–75,,"S, M, L, XL, 2XL, 3XL, 4XL, 5XL",,https://raw.githubusercontent.com/primecraftpartners/PrimeCraft-Partners-Catalogue/main/Images/PCP-LV-9017-1.jpg,,,,
PCP-LV-9126,Yes,Women's Leather Vest in Nubuck Brown,Vest,,"Genuine nubuck cowhide
The leather has a brown base color
The surface has been finished with a slightly vintage look
The leather is 1.1 to 1.2 mm thick
The vest is braided with a brown leather strap around the waist
All rivets are firmly riveted through the leather
3 chrome-plated buckles as closures
Expandable by 5 cm on both sides
The vest has 2 outside pockets
And 2 inside pockets, one with a zipper
Please refer to the size chart
Tailored women's cut
Slim fit
Plenty of room for a patch (no annoying seam on the back)",,50,$55–75,,"S, M, L, XL, 2XL, 3XL, 4XL, 5XL",,https://raw.githubusercontent.com/primecraftpartners/PrimeCraft-Partners-Catalogue/main/Images/PCP-LV-9126-1.jpg,,,,
PCP-LV-9062,Yes,Women's Leather Vest Made of Soft Lambskin Leather with Buckles,Vest,,"Vest made of genuine, durable, and soft lambskin leather
The vest is black
Also ideal for club logos and/or patches
Very easy to care for and maintain with daily care products such as nourishing milk, care cream, leather grease, leather oil, leather balm, leather spray, etc. The leather remains supple and permanently soft.
The vest can be extended up to 5 cm on both sides, allowing you to wear it over a jacket
It has three chrome buckles for closure
Two outside pockets, two deep inside pockets, one with a zipper
Tailored women's cut (so the vest doesn't stick out)
The lining is made of polyester",,50,$55–75,,"S, M, L, XL, 2XL, 3XL, 4XL, 5XL",,https://raw.githubusercontent.com/primecraftpartners/PrimeCraft-Partners-Catalogue/main/Images/PCP-LV-9062-1.jpg,,,,
PCP-LV-994,Yes,Women's Nubuck Buffalo Leather Vest,Vest,,"The vest is made of genuine, robust nubuck buffalo leather with a leather thickness of approximately 1.1 to 1.2 mm.
The vest is black.
Also ideal for club logos and/or patches.
The vest fastens with buckles.
Two outside pockets, two inside pockets.
The lining is made of polyester.
Laced at the sides.
Tailored women's cut (slim fit).",,50,$55–75,,"S, M, L, XL, 2XL, 3XL, 4XL, 5XL",,https://raw.githubusercontent.com/primecraftpartners/PrimeCraft-Partners-Catalogue/main/Images/PCP-LV-994-1.jpg,,,,
PCP-LV-907,Yes,Women's Biker Leather Vest,Vest,,"Vest made of genuine, robust cowhide, with a leather thickness of approximately 1.1 to 1.2 mm
The vest is black and features black leather cords
Also ideal for club logos and/or patches
The vest is expandable up to 5 cm on both sides, allowing you to wear it over a jacket
It features three chrome-plated buckles for closure
Two outer pockets, two deep inner pockets, one of which has a zipper
Tailored women's cut (so the vest doesn't stick out)
The inner lining is made of polyester",,50,$55–75,,"S, M, L, XL, 2XL, 3XL, 4XL, 5XL",,https://raw.githubusercontent.com/primecraftpartners/PrimeCraft-Partners-Catalogue/main/Images/PCP-LV-907-1.jpg,,,,
PCP-LV-9061,Yes,"Women's Leather Vest, Tailored Fit with Zipper",Vest,,"Very soft lambskin nappa leather
The leather has a thickness of 1.1 mm
The base color of the leather is black
3 adjustable hook-and-loop fasteners on each side
This allows you to adjust the vest perfectly
Care instructions: You can condition the leather with leather balm
Two outer pockets with zippers
Two inner pockets, one of which has a zipper
Very tailored women's cut
Please order 1/2 size larger
Please refer to the size chart included in the images",,50,$55–75,,"S, M, L, XL, 2XL, 3XL, 4XL, 5XL",,https://raw.githubusercontent.com/primecraftpartners/PrimeCraft-Partners-Catalogue/main/Images/PCP-LV-9061-1.jpg,,,,
PCP-LV-930,Yes,Women's Genuine Cowhide Leather Vest,Vest,,"Vest made of genuine, robust cowhide, with a leather thickness of approximately 1.1 to 1.2 mm
The vest is black and finished with black leather cord
Also ideal for club logos and/or patches
Very simple and easy to care for, can be treated with everyday care products such as leather care lotion, care cream, leather grease, leather oil, leather balm, leather spray, etc. The leather remains supple and permanently soft.
The vest is fastened on both sides
It has three chrome-plated buckles as closures
Two outside pockets, two deep inside pockets, one of which has a zipper
Tailored women's cut (so the vest doesn't stick out)
The inner lining is made of polyester",,50,$55–75,,"S, M, L, XL, 2XL, 3XL, 4XL, 5XL",,https://raw.githubusercontent.com/primecraftpartners/PrimeCraft-Partners-Catalogue/main/Images/PCP-LV-930-1.jpg,,,,
PCP-LV-9214,Yes,Women's Lambskin Nappa Leather Vest,Vest,,"Genuine Lambskin Nappa Leather
Black base color
Soft leather
Leather thickness from 1.1 to 1.2 mm
2 outside pockets
2 inside pockets
Leather cord at the waist for adjustment
Braided leather trim
Zipper closure
Sporty fit (slim fit)",,50,$55–75,,"S, M, L, XL, 2XL, 3XL, 4XL, 5XL",,https://raw.githubusercontent.com/primecraftpartners/PrimeCraft-Partners-Catalogue/main/Images/PCP-LV-9214-1.jpg,,,,
PCP-LV-9077,Yes,Buckled women's leather vest with brown accents in black ,Vest,,"Extends up to 5 cm on each side
A piece of leather is placed under the lacing
The two buckles are ideal for adjusting the waist (6 levels)
The vest is made of genuine cowhide (nappa leather / thick yet soft)
The leather thickness is 1.2 mm
The base color of the leather is brown
The surface has been dyed black (creating a slightly retro look)
3 brass snap hooks as closures
All buckles are the same color
The vest has been finished with a braided leather border
2 outer pockets (with zippers)
2 inner pockets (one with zipper)
Tailored women's cut
Please refer to the size chart",,50,$55–75,,"S, M, L, XL, 2XL, 3XL, 4XL, 5XL",,https://raw.githubusercontent.com/primecraftpartners/PrimeCraft-Partners-Catalogue/main/Images/PCP-LV-9077-1.jpg,,,,
PCP-LV-9219,Yes,Women's Biker Leather Vest Clubstyle Perforated,Vest,,"Genuine cowhide
Leather thickness from 1.0 to 1.1 mm
The base color of the leather is black
The upper part is quilted with a check pattern
A polyester filling is sewn under the quilted pattern to make the pattern more visible
The lower part is made of perforated cowhide
2 outer pockets with hidden snap fasteners
2 inner pockets (one with a zipper)
The inner pockets are sewn slightly deeper
To accommodate the patches on the front
Expandable on the sides with zippers
Expandable by 5 cm on each side
The back end is rounded by 5 cm
To prevent the vest from sticking out while riding
Tailored women's cut, slim fit",,50,$55–75,,"S, M, L, XL, 2XL, 3XL, 4XL, 5XL",,https://raw.githubusercontent.com/primecraftpartners/PrimeCraft-Partners-Catalogue/main/Images/PCP-LV-9219-1.jpg,,,,
PCP-LV-9125,Yes,Women's Buckled Leather Vest in Brown,Vest,,"The vest is made of genuine cowhide leather
with a leather thickness of 1.1 to 1.2 mm
2 outside pockets
2 inside pockets
Extends by 5 cm on each side (with lacing)
Adjustable with straps on the sides
Buckles on the shoulders are also available for adjustment",,50,$55–75,,"S, M, L, XL, 2XL, 3XL, 4XL, 5XL",,https://raw.githubusercontent.com/primecraftpartners/PrimeCraft-Partners-Catalogue/main/Images/PCP-LV-9125-1.jpg,,,,
PCP-LV-934,Yes,"Women's Leather Vest with Rivets, Closed on the Sides",Vest,,"Vest made of genuine, robust cowhide, with a leather thickness of approximately 1.1 to 1.2 mm
The vest is black and has been finished with black leather cords
Very simple and easy to care for, can be maintained with everyday care products such as leather care lotion, care cream, leather grease, leather oil, leather balm, leather spray, etc. The leather stays supple and permanently soft.
The vest is closed on both sides
It has three chrome-plated buckles as closures
Two outside pockets, two deep inside pockets, one of which has a zipper
Tailored women's cut (so the vest doesn't stick out)
The inner lining is made of polyester
Very eye-catching detailing with rivets and conchos on the front and back",,50,$55–75,,"S, M, L, XL, 2XL, 3XL, 4XL, 5XL",,https://raw.githubusercontent.com/primecraftpartners/PrimeCraft-Partners-Catalogue/main/Images/PCP-LV-934-1.jpg,,,,
PCP-LV-993,Yes,Women's Leather Vest with Rivets and Side Laces,Vest,,"The vest is made of genuine, robust cowhide with a leather thickness of approximately 1.1 to 1.2 mm.
The vest is black.
Equipped with conchos and rivets.
Tailored women's cut (slim fit).
The vest fastens with buckles.
Two outside pockets, two inside pockets.
The lining is made of polyester.
Laced at the sides.",,50,$55–75,,"S, M, L, XL, 2XL, 3XL, 4XL, 5XL",,https://raw.githubusercontent.com/primecraftpartners/PrimeCraft-Partners-Catalogue/main/Images/PCP-LV-993-1.jpg,,,,
PCP-LV-9047,Yes,Women's Leather Vest with Eagle Embosser,Vest,,"Genuine cowhide leather
Thick leather with a thickness of 1.1 to 1.2 mm
Thick yet soft cowhide leather
The vest is black
The eagle embossing is brown
The biker vest is finished with leather cords
2 outside pockets
2 inside pockets, one of which has a zipper
Expandable up to 5 cm on both sides",,50,$55–75,,"S, M, L, XL, 2XL, 3XL, 4XL, 5XL",,https://raw.githubusercontent.com/primecraftpartners/PrimeCraft-Partners-Catalogue/main/Images/PCP-LV-9047-1.jpg,,,,
PCP-LV-9013,Yes,Women's Biker Leather Vest with Laser Print,Vest,,"Vest made of genuine, sturdy cowhide, with a leather thickness of approximately 1.1 to 1.2 mm
The vest is dark brown and finished with leather cord
Also ideal for club logos and/or patches
The vest is expandable up to 5 cm on both sides, so you can also wear it over a jacket
It has three chrome-plated buckles for closure
Two outside pockets, two deep inside pockets, one of which has a zipper
Tailored women's cut (so the vest doesn't stick out)
The inner lining is made of polyester
Laser print on the back",,50,$55–75,,"S, M, L, XL, 2XL, 3XL, 4XL, 5XL",,https://raw.githubusercontent.com/primecraftpartners/PrimeCraft-Partners-Catalogue/main/Images/PCP-LV-9013-1.jpg,,,,
PCP-LV-9076,Yes,Buckled Leather Vest in Black with Brown Accents,Vest,,"Women's Buckled Leather Vest
Genuine cowhide with a thickness of 1.2 mm
The leather is black and has been treated with a lightly distressed finish
The lining is made of polyester
Two inside pockets
Three outside pockets
Adjustable buckles/straps on the sides
Adjustable buckles/straps on the shoulders
3 brass buckles for closure
Tailored women's cut (slim fit)
Ideal for patches
Please refer to the size chart",,50,$55–75,,"S, M, L, XL, 2XL, 3XL, 4XL, 5XL",,https://raw.githubusercontent.com/primecraftpartners/PrimeCraft-Partners-Catalogue/main/Images/PCP-LV-9076-1.jpg,,,,
PCP-LV-9021,Yes,Women's Biker Leather Vest with Red/White Cords,Vest,,"Vest made of genuine, sturdy cowhide
The vest is black and features white/red leather cords
Also ideal for club logos and/or patches
The vest is expandable up to 5 cm on both sides, allowing you to wear it over a jacket
It features three chrome-plated buckles for closure
Two outer pockets, two deep inner pockets, one of which has a zipper
Tailored women's cut (so the vest doesn't stick out)
The inner lining is made of polyester",,50,$55–75,,"S, M, L, XL, 2XL, 3XL, 4XL, 5XL",,https://raw.githubusercontent.com/primecraftpartners/PrimeCraft-Partners-Catalogue/main/Images/PCP-LV-9021-1.jpg,,,,
PCP-LV-9020,Yes,Women's Leather Vest with Red Details,Vest,,"Vest made of genuine, sturdy cowhide leather
The vest is black and features black/red leather cords
Also ideal for club logos and/or patches
The vest is expandable up to 5 cm on both sides, allowing you to wear it over a jacket
It features three chrome-plated buckles for closure
Two outer pockets, two deep inner pockets, one of which has a zipper
Tailored women's cut (so the vest doesn't stick out)
The inner lining is made of polyester",,50,$55–75,,"S, M, L, XL, 2XL, 3XL, 4XL, 5XL",,https://raw.githubusercontent.com/primecraftpartners/PrimeCraft-Partners-Catalogue/main/Images/PCP-LV-9020-1.jpg,,,,
PCP-LV-9220,Yes,Ladies biker custom leather waistcoat with Velcro fasteners,Vest,,"The waistcoat is made from genuine cowhide leather

Soft leather

Perforated leather (wind permeable)

The basic colour of the leather is black

Quilted shoulders

2 outer pockets with zip

2 inside pockets one with zip

Zip fastening type

On the sides you have 3 velcro fasteners for adjustment",,50,$55–75,,"S, M, L, XL, 2XL, 3XL, 4XL, 5XL",,https://raw.githubusercontent.com/primecraftpartners/PrimeCraft-Partners-Catalogue/main/Images/PCP-LV-9220-1.jpg,,,,
PCP-LV-9221,Yes,Nubuck biker ladies leather waistcoat in matt,Vest,,"The waistcoat is made from genuine nubuck buffalo leather
Soft leather
Perforated leather (wind permeable)
The basic colour of the leather is black
Quilted shoulders
2 outer pockets with zip
2 inside pockets one with zip
Zip fastening type
On the sides you have 3 velcro fasteners for adjustment",,50,$55–75,,"S, M, L, XL, 2XL, 3XL, 4XL, 5XL",,https://raw.githubusercontent.com/primecraftpartners/PrimeCraft-Partners-Catalogue/main/Images/PCP-LV-9221-1.jpg,,,,
PCP-LV-9222,Yes,Ladies biker custom leather waistcoat with fasteners,Vest,,"The waistcoat is made from genuine cowhide leather

Soft leather

Perforated leather (wind permeable)

The basic colour of the leather is black

Quilted shoulders

2 outer pockets with zip

2 inside pockets one with zip

Zip fastening type

On the sides you have 3 velcro fasteners for adjustment",,50,$55–75,,"S, M, L, XL, 2XL, 3XL, 4XL, 5XL",,https://raw.githubusercontent.com/primecraftpartners/PrimeCraft-Partners-Catalogue/main/Images/PCP-LV-9222-1.jpg,,,,